<?xml version="1.0" encoding="UTF-8"?>
<project-private xmlns="http://www.netbeans.org/ns/project-private/1">
    <editor-bookmarks xmlns="http://www.netbeans.org/ns/editor-bookmarks/2" lastBookmarkId="0"/>
    <open-files xmlns="http://www.netbeans.org/ns/projectui-open-files/2">
        <group>
            <file>file:/Users/Ayanda/git/BassieCreditApplication/BassieCreditApplication-war/web/welcomePrimefaces.xhtml</file>
            <file>file:/Users/Ayanda/git/BassieCreditApplication/BassieCreditApplication-war/web/index.xhtml</file>
            <file>file:/Users/Ayanda/git/BassieCreditApplication/BassieCreditApplication-war/src/java/org/bassie/credit/application/web/bean/Customer.java</file>
            <file>file:/Users/Ayanda/git/BassieCreditApplication/BassieCreditApplication-war/web/approve.xhtml</file>
            <file>file:/Users/Ayanda/git/BassieCreditApplication/BassieCreditApplication-war/src/java/org/bassie/credit/application/web/bean/LoanApplicationBean.java</file>
            <file>file:/Users/Ayanda/git/BassieCreditApplication/BassieCreditApplication-war/web/apply.xhtml</file>
            <file>file:/Users/Ayanda/git/BassieCreditApplication/BassieCreditApplication-war/src/java/org/bassie/credit/application/web/bean/Application.java</file>
        </group>
    </open-files>
</project-private>
