<?xml version='1.0' encoding='UTF-8'?>
<faces-config version="2.2"
              xmlns="http://xmlns.jcp.org/xml/ns/javaee"
              xmlns:xsi="http://www.w3.org/2001/XMLSchema-instance"
              xsi:schemaLocation="http://xmlns.jcp.org/xml/ns/javaee http://xmlns.jcp.org/xml/ns/javaee/web-facesconfig_2_2.xsd">
    <navigation-rule>
        <from-view-id>/welcomePrimefaces.xhtml</from-view-id>
        <navigation-case>
            <from-outcome>error</from-outcome>
            <to-view-id>/welcomePrimefaces.xhtml</to-view-id>
        </navigation-case>
        <navigation-case>
            <from-outcome>success</from-outcome>
            <to-view-id>/apply.xhtml</to-view-id>
        </navigation-case>
    </navigation-rule>
    <navigation-rule>
        <from-view-id>/index.xhtml</from-view-id>
        <navigation-case>
            <from-outcome>loan</from-outcome>
            <to-view-id>/welcomePrimefaces.xhtml</to-view-id>
        </navigation-case>
    </navigation-rule>
    <navigation-rule>
        <from-view-id>/apply.xhtml</from-view-id>
        <navigation-case>
            <from-outcome>case1</from-outcome>
            <to-view-id>/approve.xhtml</to-view-id>
        </navigation-case>
    </navigation-rule>
</faces-config>
