<?xml version="1.0" encoding="UTF-8"?><!--
        *** GENERATED FROM jax-ws.xml - DO NOT EDIT !                             ***
        *** TO MODIFY wsimport options USE Web Service node -> Edit WS Attributes ***
        *** TO CHANGE TARGETS GENERATED TO jaxws-build.xml COPY THOSE             ***
        *** TARGETS TO ../build.xml AND MODIFY THAT FILE INSTEAD                  ***

        --><project xmlns:xalan="http://xml.apache.org/xslt" xmlns:webproject2="http://www.netbeans.org/ns/web-project/2" xmlns:jaxws="http://www.netbeans.org/ns/jax-ws/1">
    <!--
                ===================
                JAX-WS WSGEN SECTION
                ===================
            -->
    <!--
                ===================
                JAX-WS WSIMPORT SECTION
                ===================
            -->
    <target name="wsimport-init" depends="init">
        <fail if="${wsimport.bad.version}" message="WsImport ant task defined in the classpath ${j2ee.platform.wsimport.classpath} has a serious bug. See http://wiki.netbeans.org/MetroIssue for details."/>
        <mkdir dir="${build.generated.sources.dir}/jax-ws"/>
        <property name="j2ee.platform.wsimport.classpath" value="${libs.jaxws21.classpath}"/>
        <taskdef name="wsimport" classname="com.sun.tools.ws.ant.WsImport">
            <classpath path="${java.home}/../lib/tools.jar:${j2ee.platform.wsimport.classpath}:${javac.classpath}"/>
        </taskdef>
        <condition property="conf-dir" value="${conf.dir}/" else="">
            <isset property="conf.dir"/>
        </condition>
    </target>
    <target name="wsimport-client-CustomerServices" depends="wsimport-init">
        <mkdir dir="${build.generated.dir}/jax-wsCache/CustomerServices"/>
        <wsimport sourcedestdir="${build.generated.dir}/jax-wsCache/CustomerServices" destdir="${build.generated.dir}/jax-wsCache/CustomerServices" wsdl="${basedir}/${conf-dir}xml-resources/web-service-references/CustomerServices/wsdl/localhost_8080/CustomerService/CustomerServices.wsdl" catalog="catalog.xml" encoding="${source.encoding}" extension="true" verbose="true" fork="false" wsdlLocation="http://localhost:8080/CustomerService/CustomerServices?wsdl" xnocompile="true" xendorsed="true" package="org.bassie.credit.application.web.services.client">
            <depends file="${basedir}/${conf-dir}xml-resources/web-service-references/CustomerServices/wsdl/localhost_8080/CustomerService/CustomerServices.wsdl"/>
            <produces dir="${build.generated.dir}/jax-wsCache/CustomerServices"/>
        </wsimport>
        <copy todir="${build.generated.sources.dir}/jax-ws">
            <fileset dir="${build.generated.dir}/jax-wsCache/CustomerServices">
                <include name="**/*.java"/>
            </fileset>
        </copy>
    </target>
    <target name="wsimport-client-clean-CustomerServices" depends="-init-project">
        <delete dir="${build.generated.sources.dir}/jax-ws/org/bassie/credit/application/web/services/client"/>
        <delete dir="${build.generated.dir}/jax-wsCache/CustomerServices"/>
    </target>
    <target name="wsimport-client-LoanApprovalServices" depends="wsimport-init">
        <mkdir dir="${build.generated.dir}/jax-wsCache/LoanApprovalServices"/>
        <wsimport sourcedestdir="${build.generated.dir}/jax-wsCache/LoanApprovalServices" destdir="${build.generated.dir}/jax-wsCache/LoanApprovalServices" wsdl="${basedir}/${conf-dir}xml-resources/web-service-references/LoanApprovalServices/wsdl/localhost_8080/LoanApprovalService/LoanApprovalServices.wsdl" catalog="catalog.xml" encoding="${source.encoding}" extension="true" verbose="true" fork="false" wsdlLocation="http://localhost:8080/LoanApprovalService/LoanApprovalServices?wsdl" xnocompile="true" xendorsed="true" package="org.bassie.credit.application.web.services.client.loanapproval">
            <depends file="${basedir}/${conf-dir}xml-resources/web-service-references/LoanApprovalServices/wsdl/localhost_8080/LoanApprovalService/LoanApprovalServices.wsdl"/>
            <produces dir="${build.generated.dir}/jax-wsCache/LoanApprovalServices"/>
        </wsimport>
        <copy todir="${build.generated.sources.dir}/jax-ws">
            <fileset dir="${build.generated.dir}/jax-wsCache/LoanApprovalServices">
                <include name="**/*.java"/>
            </fileset>
        </copy>
    </target>
    <target name="wsimport-client-clean-LoanApprovalServices" depends="-init-project">
        <delete dir="${build.generated.sources.dir}/jax-ws/org/bassie/credit/application/web/services/client/loanapproval"/>
        <delete dir="${build.generated.dir}/jax-wsCache/LoanApprovalServices"/>
    </target>
    <target name="wsimport-client-generate" depends="wsimport-client-CustomerServices, wsimport-client-LoanApprovalServices"/>
</project>
